investor_id,avg_gap_days,at_risk,state,city_tier,age_group
INV000004,85.4,True,Punjab,T30,26-35
INV000008,70.4,True,Punjab,B30,26-35
INV000010,64.8,True,Maharashtra,T30,36-45
INV000011,40.2,True,West Bengal,T30,26-35
INV000012,57.0,True,Uttar Pradesh,B30,46-55
INV000013,55.3,True,Maharashtra,B30,18-25
INV000014,75.3,True,Tamil Nadu,T30,18-25
INV000023,58.6,True,West Bengal,T30,46-55
INV000028,93.6,True,Gujarat,T30,18-25
INV000029,60.7,True,Rajasthan,B30,26-35
INV000030,47.6,True,Delhi,T30,18-25
INV000033,45.6,True,Delhi,T30,36-45
INV000039,68.6,True,Madhya Pradesh,B30,26-35
INV000045,70.6,True,Uttar Pradesh,T30,36-45
INV000048,46.0,True,Rajasthan,T30,36-45
INV000052,36.2,True,Tamil Nadu,B30,26-35
INV000056,74.8,True,Haryana,B30,26-35
INV000057,49.7,True,Tamil Nadu,T30,36-45
INV000069,49.1,True,Gujarat,T30,56+
INV000072,83.0,True,Gujarat,T30,18-25
INV000073,48.2,True,Punjab,B30,18-25
INV000074,72.6,True,Rajasthan,T30,26-35
INV000075,74.8,True,Madhya Pradesh,B30,36-45
INV000076,91.8,True,Gujarat,T30,56+
INV000079,65.8,True,Gujarat,T30,26-35
INV000081,81.3,True,Gujarat,T30,36-45
INV000082,83.7,True,Rajasthan,B30,26-35
INV000086,44.7,True,Karnataka,B30,18-25
INV000087,92.8,True,Rajasthan,T30,36-45
INV000091,44.0,True,Haryana,T30,26-35
INV000093,55.5,True,Maharashtra,T30,36-45
INV000094,44.8,True,West Bengal,T30,18-25
INV000095,69.4,True,West Bengal,T30,18-25
INV000097,54.5,True,Karnataka,B30,18-25
INV000101,65.0,True,Madhya Pradesh,T30,26-35
INV000102,65.3,True,Gujarat,T30,26-35
INV000103,83.4,True,Punjab,T30,26-35
INV000105,57.0,True,Punjab,T30,56+
INV000109,46.2,True,Karnataka,T30,26-35
INV000113,46.0,True,Punjab,T30,26-35
INV000123,59.7,True,Punjab,T30,46-55
INV000128,82.0,True,Rajasthan,T30,36-45
INV000131,56.0,True,Telangana,T30,36-45
INV000132,71.0,True,Karnataka,T30,46-55
INV000133,88.2,True,Karnataka,T30,26-35
INV000138,76.2,True,Telangana,T30,26-35
INV000145,89.4,True,Delhi,T30,26-35
INV000146,66.8,True,Delhi,T30,26-35
INV000148,52.0,True,Telangana,T30,18-25
INV000155,37.3,True,Madhya Pradesh,B30,26-35
INV000161,73.0,True,Rajasthan,T30,18-25
INV000163,61.0,True,Uttar Pradesh,B30,46-55
INV000164,61.8,True,Rajasthan,B30,18-25
INV000169,67.8,True,Rajasthan,T30,26-35
INV000173,57.7,True,Maharashtra,T30,26-35
INV000175,83.7,True,Karnataka,T30,26-35
INV000177,65.4,True,Rajasthan,T30,26-35
INV000180,61.8,True,Tamil Nadu,B30,46-55
INV000183,56.1,True,Tamil Nadu,B30,26-35
INV000191,56.5,True,Karnataka,T30,26-35
INV000194,58.0,True,Maharashtra,T30,36-45
INV000195,77.4,True,Madhya Pradesh,B30,36-45
INV000196,69.0,True,Tamil Nadu,T30,26-35
INV000201,51.1,True,Madhya Pradesh,T30,46-55
INV000205,62.6,True,Haryana,B30,18-25
INV000210,70.7,True,Rajasthan,T30,26-35
INV000214,94.8,True,Madhya Pradesh,T30,26-35
INV000217,92.0,True,Tamil Nadu,T30,56+
INV000228,59.8,True,Karnataka,T30,26-35
INV000236,67.1,True,Karnataka,T30,36-45
INV000238,93.6,True,Telangana,T30,36-45
INV000239,48.9,True,Punjab,B30,36-45
INV000243,88.2,True,Punjab,T30,26-35
INV000245,92.2,True,Punjab,B30,26-35
INV000249,45.5,True,Punjab,B30,26-35
INV000252,50.4,True,Gujarat,T30,46-55
INV000255,48.6,True,Haryana,T30,26-35
INV000256,70.2,True,Delhi,T30,36-45
INV000259,70.6,True,Tamil Nadu,B30,36-45
INV000260,59.6,True,Delhi,T30,18-25
INV000262,53.6,True,Telangana,T30,36-45
INV000263,68.4,True,Madhya Pradesh,B30,56+
INV000265,53.4,True,Madhya Pradesh,B30,36-45
INV000268,62.3,True,Haryana,T30,18-25
INV000279,43.4,True,Gujarat,T30,26-35
INV000280,55.8,True,Punjab,B30,26-35
INV000283,68.0,True,West Bengal,T30,46-55
INV000287,69.8,True,Uttar Pradesh,B30,56+
INV000289,62.7,True,Delhi,T30,36-45
INV000291,89.0,True,Madhya Pradesh,T30,18-25
INV000292,46.0,True,Uttar Pradesh,T30,18-25
INV000293,47.0,True,Karnataka,B30,26-35
INV000297,90.6,True,Gujarat,T30,26-35
INV000299,85.2,True,Delhi,T30,26-35
INV000304,70.0,True,West Bengal,T30,36-45
INV000309,52.0,True,Delhi,T30,26-35
INV000310,75.8,True,Delhi,T30,36-45
INV000318,97.4,True,Madhya Pradesh,B30,46-55
INV000319,73.5,True,Maharashtra,T30,56+
INV000321,72.8,True,Maharashtra,T30,26-35
INV000328,37.5,True,Madhya Pradesh,B30,26-35
INV000331,50.7,True,Madhya Pradesh,T30,36-45
INV000334,25.5,False,Uttar Pradesh,T30,56+
INV000335,96.0,True,Maharashtra,T30,26-35
INV000339,94.0,True,Uttar Pradesh,B30,26-35
INV000341,54.4,True,Delhi,T30,26-35
INV000356,54.4,True,Haryana,B30,56+
INV000359,54.1,True,Tamil Nadu,T30,18-25
INV000363,77.0,True,Madhya Pradesh,B30,26-35
INV000369,43.8,True,Delhi,T30,26-35
INV000371,59.3,True,Uttar Pradesh,B30,26-35
INV000372,54.5,True,Gujarat,T30,36-45
INV000380,97.0,True,Haryana,T30,56+
INV000388,53.6,True,Maharashtra,B30,36-45
INV000392,77.2,True,Gujarat,T30,26-35
INV000395,55.7,True,Delhi,T30,18-25
INV000396,83.2,True,Rajasthan,T30,46-55
INV000399,49.6,True,Karnataka,T30,26-35
INV000400,62.6,True,Punjab,T30,26-35
INV000403,58.2,True,Rajasthan,T30,18-25
INV000407,82.4,True,Tamil Nadu,B30,36-45
INV000408,46.8,True,Punjab,B30,56+
INV000412,43.7,True,Rajasthan,B30,18-25
INV000414,66.3,True,Tamil Nadu,T30,36-45
INV000415,66.2,True,Maharashtra,T30,36-45
INV000418,86.8,True,Rajasthan,T30,26-35
INV000427,68.5,True,Punjab,B30,56+
INV000428,52.1,True,Delhi,T30,36-45
INV000429,77.2,True,Gujarat,T30,36-45
INV000437,97.8,True,Telangana,T30,26-35
INV000440,69.6,True,Uttar Pradesh,B30,18-25
INV000441,60.8,True,Tamil Nadu,T30,26-35
INV000444,73.2,True,Maharashtra,T30,36-45
INV000445,57.8,True,Madhya Pradesh,B30,26-35
INV000446,38.6,True,Rajasthan,T30,26-35
INV000449,46.8,True,Haryana,B30,18-25
INV000452,49.4,True,Tamil Nadu,B30,26-35
INV000457,91.4,True,Haryana,B30,26-35
INV000460,43.4,True,Delhi,T30,36-45
INV000463,65.2,True,Gujarat,T30,26-35
INV000466,73.3,True,Haryana,B30,18-25
INV000467,56.7,True,Karnataka,T30,18-25
INV000469,70.5,True,Tamil Nadu,B30,18-25
INV000483,70.4,True,Haryana,T30,18-25
INV000491,95.0,True,Madhya Pradesh,T30,56+
INV000493,47.6,True,Punjab,T30,18-25
INV000497,71.8,True,Madhya Pradesh,B30,36-45
INV000499,77.8,True,Delhi,T30,36-45
INV000507,70.2,True,Gujarat,T30,36-45
INV000512,54.8,True,Punjab,B30,46-55
INV000522,100.8,True,Punjab,T30,26-35
INV000524,55.0,True,West Bengal,T30,56+
INV000527,50.8,True,Telangana,T30,26-35
INV000529,59.2,True,Maharashtra,T30,18-25
INV000531,47.0,True,Delhi,T30,56+
INV000539,77.0,True,Haryana,B30,26-35
INV000540,73.5,True,Tamil Nadu,B30,26-35
INV000543,83.7,True,Haryana,T30,36-45
INV000545,80.6,True,Telangana,T30,26-35
INV000546,55.0,True,Karnataka,B30,26-35
INV000547,55.8,True,West Bengal,T30,26-35
INV000549,96.2,True,Tamil Nadu,B30,46-55
INV000553,72.0,True,Rajasthan,T30,36-45
INV000554,70.2,True,Delhi,T30,36-45
INV000556,52.4,True,Rajasthan,B30,18-25
INV000562,74.4,True,Gujarat,T30,36-45
INV000563,76.3,True,Uttar Pradesh,T30,26-35
INV000566,35.0,False,Uttar Pradesh,B30,36-45
INV000567,63.8,True,Delhi,T30,26-35
INV000568,62.4,True,Delhi,T30,36-45
INV000570,67.3,True,Madhya Pradesh,B30,26-35
INV000573,50.8,True,Madhya Pradesh,B30,56+
INV000575,71.6,True,Punjab,B30,26-35
INV000578,66.8,True,Maharashtra,B30,26-35
INV000581,78.3,True,Tamil Nadu,B30,36-45
INV000586,44.5,True,West Bengal,T30,36-45
INV000589,59.1,True,Uttar Pradesh,B30,18-25
INV000591,64.5,True,Karnataka,T30,18-25
INV000593,74.2,True,Telangana,T30,56+
INV000596,51.8,True,Madhya Pradesh,T30,56+
INV000597,88.6,True,Gujarat,T30,46-55
INV000599,81.5,True,Gujarat,T30,36-45
INV000607,66.7,True,Rajasthan,T30,56+
INV000608,100.2,True,Haryana,T30,46-55
INV000609,47.0,True,Tamil Nadu,B30,18-25
INV000612,49.3,True,Punjab,B30,18-25
INV000615,55.8,True,Punjab,B30,36-45
INV000624,31.7,False,West Bengal,T30,56+
INV000625,86.4,True,Rajasthan,T30,46-55
INV000630,68.7,True,Uttar Pradesh,B30,26-35
INV000631,54.0,True,Delhi,T30,36-45
INV000634,52.2,True,Karnataka,T30,26-35
INV000635,75.0,True,Delhi,T30,18-25
INV000641,54.8,True,Punjab,B30,26-35
INV000642,53.5,True,Gujarat,T30,26-35
INV000645,66.0,True,Karnataka,T30,18-25
INV000646,62.3,True,Uttar Pradesh,T30,26-35
INV000651,94.0,True,Delhi,T30,18-25
INV000652,93.8,True,Delhi,T30,26-35
INV000657,64.7,True,Tamil Nadu,B30,26-35
INV000662,66.1,True,Gujarat,T30,36-45
INV000663,94.4,True,Haryana,T30,26-35
INV000665,36.2,True,Rajasthan,B30,26-35
INV000667,68.0,True,Telangana,T30,26-35
INV000673,92.8,True,Maharashtra,B30,36-45
INV000675,62.8,True,Uttar Pradesh,B30,36-45
INV000676,35.3,True,Rajasthan,B30,56+
INV000678,63.3,True,Gujarat,T30,26-35
INV000683,54.5,True,Maharashtra,T30,26-35
INV000690,56.3,True,Delhi,T30,46-55
INV000691,66.4,True,Tamil Nadu,T30,18-25
INV000698,52.2,True,Madhya Pradesh,B30,18-25
INV000699,42.8,True,Rajasthan,T30,18-25
INV000701,83.7,True,West Bengal,T30,36-45
INV000707,34.4,False,Karnataka,B30,36-45
INV000709,65.2,True,Telangana,T30,26-35
INV000710,88.6,True,Delhi,T30,26-35
INV000714,37.0,True,Uttar Pradesh,B30,26-35
INV000718,57.8,True,Delhi,T30,26-35
INV000719,72.8,True,Tamil Nadu,B30,18-25
INV000724,81.2,True,Uttar Pradesh,B30,46-55
INV000725,67.7,True,Telangana,T30,18-25
INV000734,64.0,True,Maharashtra,T30,26-35
INV000737,92.6,True,Madhya Pradesh,T30,26-35
INV000747,84.6,True,West Bengal,T30,36-45
INV000750,26.5,False,Delhi,T30,26-35
INV000751,53.0,True,Uttar Pradesh,B30,36-45
INV000754,72.3,True,West Bengal,T30,26-35
INV000759,83.0,True,Gujarat,T30,26-35
INV000761,75.2,True,Rajasthan,B30,18-25
INV000768,60.0,True,Delhi,T30,56+
INV000772,46.0,True,Karnataka,T30,56+
INV000774,73.7,True,Telangana,T30,36-45
INV000776,59.4,True,Rajasthan,T30,26-35
INV000777,66.0,True,Uttar Pradesh,T30,26-35
INV000778,59.7,True,Haryana,B30,26-35
INV000779,75.0,True,Gujarat,T30,36-45
INV000783,89.8,True,Gujarat,T30,46-55
INV000785,32.6,False,Tamil Nadu,T30,36-45
INV000786,64.1,True,Madhya Pradesh,B30,26-35
INV000789,55.1,True,Gujarat,T30,56+
INV000793,69.1,True,West Bengal,T30,26-35
INV000803,77.2,True,Karnataka,B30,26-35
INV000814,94.0,True,Delhi,T30,26-35
INV000822,55.5,True,Punjab,B30,26-35
INV000823,39.7,True,Madhya Pradesh,B30,46-55
INV000827,58.3,True,Maharashtra,T30,36-45
INV000830,72.2,True,Tamil Nadu,T30,36-45
INV000833,67.3,True,Maharashtra,B30,18-25
INV000836,84.8,True,Haryana,T30,26-35
INV000843,55.6,True,Maharashtra,T30,26-35
INV000844,66.2,True,Gujarat,T30,26-35
INV000847,47.8,True,West Bengal,T30,26-35
INV000853,49.3,True,Punjab,T30,26-35
INV000854,61.2,True,Karnataka,T30,46-55
INV000858,44.9,True,Tamil Nadu,T30,36-45
INV000862,91.2,True,Uttar Pradesh,B30,26-35
INV000864,40.8,True,Tamil Nadu,T30,26-35
INV000865,45.8,True,Tamil Nadu,B30,26-35
INV000869,65.4,True,West Bengal,T30,26-35
INV000873,73.5,True,Uttar Pradesh,T30,26-35
INV000874,62.1,True,Tamil Nadu,T30,56+
INV000877,59.4,True,Telangana,T30,36-45
INV000881,46.1,True,Uttar Pradesh,B30,26-35
INV000887,65.7,True,Tamil Nadu,B30,36-45
INV000888,80.3,True,Gujarat,T30,26-35
INV000893,59.5,True,Punjab,T30,46-55
INV000894,55.0,True,Tamil Nadu,B30,36-45
INV000901,54.0,True,Delhi,T30,46-55
INV000907,59.2,True,Karnataka,T30,46-55
INV000920,75.6,True,Delhi,T30,56+
INV000926,80.0,True,Delhi,T30,36-45
INV000929,58.2,True,West Bengal,T30,36-45
INV000930,32.4,False,Rajasthan,B30,18-25
INV000935,30.9,False,Telangana,T30,36-45
INV000939,60.6,True,Karnataka,T30,26-35
INV000942,53.0,True,Haryana,B30,56+
INV000949,67.5,True,Tamil Nadu,B30,26-35
INV000950,91.0,True,Punjab,B30,36-45
INV000971,46.8,True,Maharashtra,T30,36-45
INV000974,73.5,True,Maharashtra,T30,46-55
INV000977,48.8,True,Karnataka,B30,56+
INV000979,79.8,True,Karnataka,T30,26-35
INV000980,44.4,True,West Bengal,T30,18-25
INV000981,50.4,True,West Bengal,T30,36-45
INV000986,60.8,True,Tamil Nadu,B30,26-35
INV000994,63.8,True,Maharashtra,T30,26-35
INV001001,60.3,True,Madhya Pradesh,T30,26-35
INV001002,41.7,True,Telangana,T30,36-45
INV001005,93.6,True,Karnataka,T30,46-55
INV001008,64.7,True,Rajasthan,B30,46-55
INV001013,96.8,True,Telangana,T30,36-45
INV001017,67.0,True,West Bengal,T30,26-35
INV001019,44.9,True,Madhya Pradesh,T30,26-35
INV001021,68.7,True,Maharashtra,T30,56+
INV001023,72.4,True,Gujarat,T30,36-45
INV001025,38.8,True,Maharashtra,T30,18-25
INV001026,69.4,True,Haryana,T30,26-35
INV001037,42.0,True,Haryana,B30,36-45
INV001039,66.2,True,Gujarat,T30,36-45
INV001041,83.0,True,Madhya Pradesh,B30,18-25
INV001047,66.2,True,Tamil Nadu,T30,56+
INV001048,47.0,True,Delhi,T30,46-55
INV001051,54.1,True,Haryana,T30,26-35
INV001053,55.9,True,West Bengal,T30,46-55
INV001055,93.2,True,Haryana,T30,26-35
INV001060,53.4,True,Telangana,T30,36-45
INV001061,51.1,True,Punjab,B30,18-25
INV001063,43.3,True,Haryana,B30,26-35
INV001064,59.5,True,West Bengal,T30,46-55
INV001069,41.3,True,Telangana,T30,26-35
INV001070,97.0,True,Tamil Nadu,B30,26-35
INV001092,77.3,True,Haryana,T30,26-35
INV001099,26.1,False,Haryana,T30,26-35
INV001102,55.3,True,West Bengal,T30,46-55
INV001115,81.4,True,Uttar Pradesh,B30,26-35
INV001116,58.1,True,Haryana,B30,36-45
INV001117,61.7,True,Punjab,B30,18-25
INV001130,76.8,True,Rajasthan,T30,18-25
INV001137,57.0,True,West Bengal,T30,56+
INV001140,60.4,True,Uttar Pradesh,T30,36-45
INV001141,97.6,True,West Bengal,T30,18-25
INV001142,42.8,True,Uttar Pradesh,T30,26-35
INV001156,102.4,True,Madhya Pradesh,T30,56+
INV001160,57.6,True,Karnataka,B30,36-45
INV001161,80.6,True,Uttar Pradesh,B30,26-35
INV001163,67.3,True,Karnataka,B30,26-35
INV001167,96.2,True,Punjab,B30,36-45
INV001170,68.2,True,Karnataka,B30,36-45
INV001173,67.0,True,Punjab,T30,26-35
INV001178,79.7,True,West Bengal,T30,26-35
INV001180,74.4,True,Telangana,T30,26-35
INV001181,67.4,True,West Bengal,T30,26-35
INV001190,97.0,True,Maharashtra,T30,26-35
INV001195,53.4,True,Gujarat,T30,26-35
INV001196,92.2,True,Punjab,T30,26-35
INV001202,58.0,True,Karnataka,T30,26-35
INV001206,83.6,True,Delhi,T30,26-35
INV001208,51.8,True,Gujarat,T30,56+
INV001210,36.9,True,Uttar Pradesh,B30,36-45
INV001217,60.1,True,Rajasthan,T30,26-35
INV001219,50.9,True,West Bengal,T30,26-35
INV001220,77.2,True,Punjab,T30,36-45
INV001223,70.8,True,Punjab,B30,56+
INV001234,60.6,True,Uttar Pradesh,B30,26-35
INV001235,59.0,True,Haryana,B30,26-35
INV001237,98.0,True,West Bengal,T30,26-35
INV001238,68.5,True,Haryana,T30,26-35
INV001242,69.8,True,Tamil Nadu,T30,36-45
INV001251,82.0,True,Punjab,T30,26-35
INV001262,44.8,True,Karnataka,T30,26-35
INV001274,73.3,True,Maharashtra,T30,36-45
INV001275,66.7,True,Delhi,T30,36-45
INV001282,67.0,True,West Bengal,T30,18-25
INV001287,92.2,True,Telangana,T30,36-45
INV001288,45.7,True,Telangana,T30,26-35
INV001291,76.2,True,Uttar Pradesh,T30,46-55
INV001295,50.8,True,Madhya Pradesh,T30,36-45
INV001298,71.8,True,Delhi,T30,26-35
INV001299,51.2,True,Haryana,B30,26-35
INV001304,97.6,True,Gujarat,T30,26-35
INV001308,54.6,True,Rajasthan,T30,36-45
INV001310,81.2,True,Telangana,T30,46-55
INV001314,50.4,True,Gujarat,T30,26-35
INV001315,51.8,True,Telangana,T30,46-55
INV001316,92.4,True,Punjab,T30,18-25
INV001317,84.8,True,Punjab,T30,26-35
INV001318,46.2,True,Telangana,T30,36-45
INV001326,69.4,True,Rajasthan,B30,46-55
INV001329,68.2,True,Punjab,B30,36-45
INV001331,94.2,True,Gujarat,T30,26-35
INV001332,80.0,True,Uttar Pradesh,B30,26-35
INV001333,78.7,True,Haryana,B30,26-35
INV001336,65.9,True,Tamil Nadu,B30,18-25
INV001348,47.8,True,Haryana,T30,26-35
INV001351,70.5,True,Uttar Pradesh,B30,26-35
INV001355,60.2,True,Tamil Nadu,T30,46-55
INV001356,79.2,True,Gujarat,T30,26-35
INV001359,72.5,True,Haryana,T30,36-45
INV001361,50.5,True,West Bengal,T30,26-35
INV001367,99.0,True,Maharashtra,B30,36-45
INV001375,78.5,True,Haryana,T30,18-25
INV001376,78.7,True,Gujarat,T30,26-35
INV001383,56.1,True,Maharashtra,T30,26-35
INV001387,57.2,True,Tamil Nadu,T30,36-45
INV001394,63.6,True,Karnataka,T30,56+
INV001400,76.8,True,Tamil Nadu,B30,36-45
INV001401,68.6,True,Tamil Nadu,B30,26-35
INV001406,47.7,True,Telangana,T30,46-55
INV001407,45.2,True,Rajasthan,B30,26-35
INV001415,68.1,True,Haryana,T30,56+
INV001418,88.6,True,Delhi,T30,36-45
INV001419,85.8,True,Delhi,T30,26-35
INV001423,48.6,True,Madhya Pradesh,B30,18-25
INV001428,79.4,True,Delhi,T30,26-35
INV001432,71.4,True,Uttar Pradesh,T30,36-45
INV001434,80.6,True,Maharashtra,T30,46-55
INV001442,57.1,True,Uttar Pradesh,T30,26-35
INV001454,73.0,True,Tamil Nadu,T30,26-35
INV001455,64.7,True,Madhya Pradesh,T30,36-45
INV001457,43.8,True,Gujarat,T30,26-35
INV001458,59.8,True,Tamil Nadu,B30,46-55
INV001466,44.6,True,Delhi,T30,46-55
INV001472,79.0,True,West Bengal,T30,18-25
INV001482,80.6,True,Madhya Pradesh,T30,46-55
INV001485,55.0,True,Rajasthan,T30,56+
INV001491,98.8,True,Tamil Nadu,T30,56+
INV001497,63.0,True,Maharashtra,T30,36-45
INV001504,54.2,True,Haryana,B30,36-45
INV001507,86.2,True,Uttar Pradesh,T30,26-35
INV001510,66.8,True,Gujarat,T30,26-35
INV001514,51.8,True,Delhi,T30,46-55
INV001516,56.8,True,Tamil Nadu,B30,26-35
INV001526,50.4,True,Madhya Pradesh,B30,26-35
INV001530,64.7,True,Telangana,T30,26-35
INV001532,56.8,True,Madhya Pradesh,B30,36-45
INV001536,69.0,True,Karnataka,B30,26-35
INV001545,92.8,True,Madhya Pradesh,B30,26-35
INV001547,72.2,True,Tamil Nadu,B30,36-45
INV001548,80.6,True,Delhi,T30,26-35
INV001550,79.0,True,Punjab,T30,18-25
INV001551,61.8,True,Tamil Nadu,T30,26-35
INV001562,44.2,True,Delhi,T30,26-35
INV001564,55.7,True,Haryana,B30,46-55
INV001569,83.4,True,Punjab,T30,46-55
INV001579,75.0,True,Karnataka,T30,46-55
INV001580,45.7,True,Punjab,T30,26-35
INV001585,56.6,True,Telangana,T30,36-45
INV001587,65.0,True,Punjab,T30,26-35
INV001597,56.0,True,West Bengal,T30,36-45
INV001599,58.2,True,Haryana,B30,36-45
INV001602,93.8,True,West Bengal,T30,36-45
INV001603,54.5,True,Uttar Pradesh,B30,46-55
INV001605,60.6,True,Uttar Pradesh,B30,26-35
INV001606,67.7,True,Punjab,B30,26-35
INV001616,53.0,True,Tamil Nadu,T30,26-35
INV001623,92.0,True,Gujarat,T30,26-35
INV001625,72.0,True,Uttar Pradesh,B30,46-55
INV001628,51.7,True,Rajasthan,T30,36-45
INV001629,67.5,True,Madhya Pradesh,T30,26-35
INV001631,57.0,True,Haryana,B30,36-45
INV001636,48.9,True,Rajasthan,B30,18-25
INV001641,88.4,True,Haryana,B30,26-35
INV001644,65.6,True,Madhya Pradesh,B30,18-25
INV001645,67.6,True,Uttar Pradesh,B30,46-55
INV001649,51.7,True,Telangana,T30,36-45
INV001651,78.7,True,Gujarat,T30,18-25
INV001653,55.2,True,Maharashtra,T30,36-45
INV001654,56.0,True,Uttar Pradesh,T30,36-45
INV001656,59.9,True,Madhya Pradesh,B30,26-35
INV001662,60.2,True,Delhi,T30,36-45
INV001672,34.0,False,Maharashtra,T30,18-25
INV001673,49.3,True,West Bengal,T30,26-35
INV001680,58.9,True,Madhya Pradesh,T30,26-35
INV001683,72.5,True,Haryana,T30,26-35
INV001689,83.6,True,Haryana,B30,36-45
INV001690,81.2,True,Rajasthan,T30,36-45
INV001691,82.0,True,Maharashtra,T30,26-35
INV001694,66.1,True,Punjab,B30,46-55
INV001697,62.5,True,Haryana,T30,18-25
INV001699,83.2,True,Madhya Pradesh,T30,26-35
INV001709,51.8,True,Delhi,T30,36-45
INV001711,65.8,True,Madhya Pradesh,B30,46-55
INV001712,66.6,True,West Bengal,T30,18-25
INV001715,68.3,True,Gujarat,T30,18-25
INV001718,84.0,True,Gujarat,T30,26-35
INV001724,69.7,True,Madhya Pradesh,T30,26-35
INV001728,50.6,True,Karnataka,T30,26-35
INV001737,56.8,True,Telangana,T30,26-35
INV001738,47.5,True,Karnataka,T30,36-45
INV001739,52.5,True,West Bengal,T30,36-45
INV001741,89.4,True,Rajasthan,B30,36-45
INV001744,78.5,True,Karnataka,B30,26-35
INV001752,69.3,True,Rajasthan,B30,26-35
INV001753,42.8,True,Rajasthan,T30,26-35
INV001757,55.6,True,Telangana,T30,46-55
INV001759,49.6,True,Haryana,B30,36-45
INV001769,98.0,True,Punjab,T30,18-25
INV001772,95.0,True,Telangana,T30,36-45
INV001775,29.1,False,Uttar Pradesh,B30,26-35
INV001777,57.6,True,West Bengal,T30,18-25
INV001778,63.6,True,Maharashtra,T30,26-35
INV001797,79.7,True,Punjab,B30,26-35
INV001800,49.7,True,Tamil Nadu,T30,26-35
INV001802,61.7,True,Punjab,T30,46-55
INV001803,59.0,True,Rajasthan,B30,26-35
INV001804,55.9,True,Punjab,B30,26-35
INV001806,60.0,True,Telangana,T30,36-45
INV001809,95.6,True,Telangana,T30,46-55
INV001811,54.2,True,Punjab,B30,18-25
INV001822,19.8,False,Gujarat,T30,36-45
INV001823,58.1,True,Tamil Nadu,B30,26-35
INV001826,51.2,True,Punjab,B30,18-25
INV001828,44.4,True,Gujarat,T30,36-45
INV001831,72.8,True,Madhya Pradesh,T30,18-25
INV001837,62.8,True,Uttar Pradesh,B30,18-25
INV001841,56.2,True,Madhya Pradesh,B30,36-45
INV001853,47.4,True,Delhi,T30,18-25
INV001858,55.1,True,Punjab,B30,36-45
INV001865,63.5,True,Telangana,T30,18-25
INV001866,58.8,True,Telangana,T30,36-45
INV001870,76.0,True,Madhya Pradesh,T30,26-35
INV001871,55.0,True,Delhi,T30,56+
INV001883,99.2,True,Maharashtra,T30,46-55
INV001885,71.2,True,Karnataka,T30,26-35
INV001886,50.8,True,Haryana,T30,18-25
INV001890,102.6,True,Madhya Pradesh,B30,26-35
INV001891,96.4,True,West Bengal,T30,26-35
INV001909,62.1,True,Telangana,T30,36-45
INV001912,86.4,True,Haryana,T30,26-35
INV001920,39.0,True,Madhya Pradesh,T30,36-45
INV001921,68.6,True,Gujarat,T30,26-35
INV001923,80.7,True,Gujarat,T30,18-25
INV001924,59.2,True,Karnataka,T30,18-25
INV001927,58.8,True,Rajasthan,T30,56+
INV001929,66.2,True,Rajasthan,T30,56+
INV001937,60.4,True,Haryana,T30,18-25
INV001938,43.0,True,Karnataka,B30,26-35
INV001943,74.4,True,West Bengal,T30,56+
INV001950,60.2,True,Maharashtra,T30,26-35
INV001951,58.8,True,Punjab,T30,26-35
INV001954,86.8,True,Uttar Pradesh,B30,26-35
INV001955,76.0,True,Madhya Pradesh,B30,26-35
INV001961,83.4,True,Delhi,T30,26-35
INV001969,79.2,True,Uttar Pradesh,B30,26-35
INV001971,54.7,True,Gujarat,T30,26-35
INV001972,42.4,True,Uttar Pradesh,B30,18-25
INV001978,83.2,True,Telangana,T30,36-45
INV001979,55.4,True,Maharashtra,T30,26-35
INV001982,85.8,True,Karnataka,B30,26-35
INV001986,47.7,True,Madhya Pradesh,T30,36-45
INV001987,67.0,True,Tamil Nadu,B30,18-25
INV001990,45.3,True,Punjab,B30,26-35
INV001993,56.6,True,Uttar Pradesh,B30,36-45
INV001995,48.6,True,Gujarat,T30,26-35
INV001997,88.6,True,Delhi,T30,56+
INV002001,84.8,True,Uttar Pradesh,B30,36-45
INV002006,73.6,True,Punjab,T30,26-35
INV002010,74.6,True,Uttar Pradesh,B30,56+
INV002017,44.7,True,Karnataka,B30,26-35
INV002018,63.6,True,Uttar Pradesh,B30,26-35
INV002019,68.8,True,Delhi,T30,36-45
INV002025,55.8,True,Karnataka,B30,26-35
INV002033,55.0,True,Gujarat,T30,46-55
INV002034,69.0,True,Uttar Pradesh,T30,26-35
INV002037,33.2,False,Delhi,T30,56+
INV002038,84.0,True,Madhya Pradesh,B30,26-35
INV002051,78.6,True,Gujarat,T30,46-55
INV002052,44.2,True,Uttar Pradesh,T30,36-45
INV002069,47.6,True,West Bengal,T30,46-55
INV002070,81.3,True,Telangana,T30,36-45
INV002083,51.7,True,Gujarat,T30,26-35
INV002085,65.0,True,Telangana,T30,56+
INV002090,90.2,True,Maharashtra,T30,26-35
INV002092,33.5,False,Punjab,B30,18-25
INV002101,80.2,True,Uttar Pradesh,T30,26-35
INV002102,44.8,True,Madhya Pradesh,B30,26-35
INV002107,71.1,True,Telangana,T30,26-35
INV002111,62.4,True,Telangana,T30,36-45
INV002119,78.0,True,Tamil Nadu,B30,26-35
INV002121,68.5,True,Madhya Pradesh,B30,18-25
INV002122,40.3,True,Gujarat,T30,46-55
INV002127,60.2,True,Rajasthan,B30,18-25
INV002134,82.7,True,Rajasthan,B30,26-35
INV002138,91.8,True,Karnataka,T30,46-55
INV002142,45.5,True,Tamil Nadu,T30,18-25
INV002143,63.6,True,Uttar Pradesh,T30,26-35
INV002149,42.3,True,Tamil Nadu,B30,26-35
INV002150,73.6,True,Uttar Pradesh,B30,26-35
INV002151,60.4,True,Rajasthan,T30,26-35
INV002153,67.8,True,Maharashtra,B30,18-25
INV002154,89.4,True,Uttar Pradesh,T30,36-45
INV002155,78.0,True,Telangana,T30,56+
INV002157,58.5,True,Punjab,T30,26-35
INV002159,65.0,True,Haryana,T30,26-35
INV002162,58.4,True,Madhya Pradesh,T30,46-55
INV002166,99.2,True,Haryana,T30,36-45
INV002171,55.8,True,Telangana,T30,56+
INV002177,73.0,True,Haryana,T30,26-35
INV002178,66.4,True,Gujarat,T30,36-45
INV002179,54.1,True,Haryana,T30,26-35
INV002182,70.5,True,Madhya Pradesh,B30,36-45
INV002185,48.4,True,Punjab,T30,26-35
INV002186,74.8,True,Haryana,B30,18-25
INV002187,67.8,True,Tamil Nadu,T30,36-45
INV002195,49.2,True,Telangana,T30,26-35
INV002196,62.1,True,Delhi,T30,26-35
INV002198,43.0,True,Delhi,T30,36-45
INV002199,50.8,True,Gujarat,T30,26-35
INV002202,70.4,True,Madhya Pradesh,T30,18-25
INV002206,49.0,True,Tamil Nadu,T30,18-25
INV002208,71.3,True,Punjab,T30,56+
INV002211,63.8,True,Gujarat,T30,26-35
INV002216,61.7,True,Maharashtra,T30,46-55
INV002218,67.8,True,Punjab,B30,36-45
INV002219,70.9,True,Karnataka,B30,26-35
INV002228,68.6,True,Uttar Pradesh,B30,18-25
INV002229,64.6,True,Rajasthan,T30,36-45
INV002230,57.6,True,Delhi,T30,36-45
INV002232,69.2,True,Karnataka,T30,26-35
INV002236,73.7,True,Delhi,T30,26-35
INV002237,51.7,True,Uttar Pradesh,B30,46-55
INV002240,77.8,True,Haryana,B30,26-35
INV002241,65.7,True,Punjab,B30,36-45
INV002251,62.6,True,Punjab,T30,26-35
INV002256,75.6,True,Rajasthan,T30,46-55
INV002259,45.3,True,Madhya Pradesh,B30,18-25
INV002260,77.8,True,Telangana,T30,26-35
INV002265,63.2,True,Rajasthan,T30,18-25
INV002277,67.3,True,Haryana,T30,26-35
INV002280,71.7,True,Karnataka,B30,18-25
INV002282,53.2,True,West Bengal,T30,36-45
INV002284,85.0,True,Karnataka,T30,36-45
INV002290,61.6,True,Gujarat,T30,36-45
INV002294,48.7,True,Haryana,T30,26-35
INV002295,64.5,True,Telangana,T30,26-35
INV002298,23.2,False,Maharashtra,B30,56+
INV002304,42.6,True,Karnataka,B30,46-55
INV002315,71.8,True,Haryana,B30,18-25
INV002319,60.0,True,Karnataka,B30,26-35
INV002322,63.4,True,Tamil Nadu,T30,18-25
INV002327,76.4,True,Punjab,B30,26-35
INV002329,57.0,True,Madhya Pradesh,T30,56+
INV002342,74.2,True,Maharashtra,T30,26-35
INV002343,57.8,True,Punjab,B30,26-35
INV002347,40.5,True,Delhi,T30,26-35
INV002348,94.4,True,Uttar Pradesh,B30,26-35
INV002349,52.2,True,Punjab,B30,26-35
INV002351,77.2,True,Gujarat,T30,36-45
INV002357,68.3,True,Delhi,T30,26-35
INV002360,56.1,True,Maharashtra,T30,26-35
INV002361,55.4,True,Gujarat,T30,36-45
INV002367,52.5,True,Telangana,T30,26-35
INV002368,61.2,True,Telangana,T30,26-35
INV002369,60.0,True,Madhya Pradesh,B30,36-45
INV002370,70.2,True,Delhi,T30,26-35
INV002372,95.2,True,Maharashtra,T30,36-45
INV002373,70.1,True,Maharashtra,T30,36-45
INV002374,21.2,False,Uttar Pradesh,B30,26-35
INV002384,39.1,True,Karnataka,B30,26-35
INV002388,33.2,False,Haryana,B30,18-25
INV002389,50.8,True,Haryana,B30,36-45
INV002390,47.0,True,Uttar Pradesh,B30,56+
INV002391,40.2,True,Madhya Pradesh,B30,18-25
INV002395,97.0,True,West Bengal,T30,26-35
INV002400,55.4,True,Punjab,T30,36-45
INV002401,59.1,True,West Bengal,T30,26-35
INV002402,47.2,True,Uttar Pradesh,T30,46-55
INV002407,47.8,True,West Bengal,T30,36-45
INV002409,55.6,True,Punjab,B30,18-25
INV002413,53.0,True,Gujarat,T30,26-35
INV002415,57.4,True,West Bengal,T30,36-45
INV002417,83.3,True,Tamil Nadu,B30,26-35
INV002418,91.6,True,Haryana,B30,36-45
INV002420,72.8,True,Karnataka,B30,26-35
INV002422,50.3,True,Tamil Nadu,T30,36-45
INV002429,78.6,True,Rajasthan,B30,26-35
INV002434,88.2,True,Uttar Pradesh,B30,26-35
INV002437,49.2,True,Haryana,B30,26-35
INV002445,38.1,True,Punjab,T30,26-35
INV002453,63.0,True,Gujarat,T30,26-35
INV002458,72.4,True,West Bengal,T30,18-25
INV002459,53.7,True,Rajasthan,B30,18-25
INV002463,95.4,True,Punjab,B30,18-25
INV002464,35.4,True,Karnataka,T30,26-35
INV002466,80.7,True,Madhya Pradesh,T30,36-45
INV002467,38.9,True,Punjab,T30,36-45
INV002471,56.4,True,Punjab,T30,18-25
INV002475,49.7,True,Delhi,T30,26-35
INV002476,86.0,True,Telangana,T30,36-45
INV002485,70.4,True,Karnataka,B30,46-55
INV002490,70.0,True,Gujarat,T30,36-45
INV002495,82.2,True,Maharashtra,B30,26-35
INV002496,53.0,True,Karnataka,B30,36-45
INV002497,67.3,True,Telangana,T30,26-35
INV002508,51.6,True,West Bengal,T30,46-55
INV002509,33.7,False,Maharashtra,T30,36-45
INV002510,64.3,True,Karnataka,B30,36-45
INV002521,74.6,True,Punjab,T30,26-35
INV002527,49.7,True,Telangana,T30,18-25
INV002530,71.4,True,Telangana,T30,36-45
INV002531,76.3,True,Rajasthan,B30,36-45
INV002543,74.7,True,Madhya Pradesh,T30,18-25
INV002547,89.0,True,Haryana,T30,26-35
INV002552,48.2,True,Delhi,T30,36-45
INV002554,49.7,True,Madhya Pradesh,B30,18-25
INV002555,72.0,True,Gujarat,T30,36-45
INV002557,67.2,True,West Bengal,T30,26-35
INV002558,97.6,True,Haryana,B30,26-35
INV002560,95.2,True,Haryana,B30,26-35
INV002563,65.8,True,Madhya Pradesh,T30,18-25
INV002567,82.0,True,Madhya Pradesh,T30,36-45
INV002568,61.6,True,Uttar Pradesh,T30,26-35
INV002570,62.0,True,Punjab,T30,36-45
INV002572,55.7,True,Rajasthan,T30,56+
INV002574,79.4,True,Maharashtra,B30,26-35
INV002575,56.1,True,West Bengal,T30,18-25
INV002579,40.8,True,Maharashtra,T30,36-45
INV002582,77.4,True,Telangana,T30,26-35
INV002585,65.0,True,Uttar Pradesh,T30,18-25
INV002586,87.2,True,West Bengal,T30,26-35
INV002590,50.2,True,West Bengal,T30,36-45
INV002591,52.2,True,Gujarat,T30,18-25
INV002594,94.0,True,Haryana,T30,26-35
INV002598,51.4,True,Uttar Pradesh,T30,26-35
INV002602,66.0,True,Gujarat,T30,56+
INV002606,89.6,True,Telangana,T30,26-35
INV002613,65.0,True,Karnataka,T30,46-55
INV002622,76.7,True,Karnataka,B30,18-25
INV002627,85.0,True,West Bengal,T30,26-35
INV002628,77.0,True,Uttar Pradesh,B30,26-35
INV002632,65.6,True,Tamil Nadu,T30,26-35
INV002640,70.0,True,Haryana,B30,56+
INV002643,74.2,True,Telangana,T30,36-45
INV002645,45.2,True,Haryana,T30,46-55
INV002654,61.9,True,Delhi,T30,36-45
INV002659,62.3,True,Madhya Pradesh,B30,36-45
INV002666,53.2,True,Madhya Pradesh,B30,46-55
INV002671,77.2,True,Madhya Pradesh,T30,18-25
INV002673,65.0,True,Maharashtra,T30,26-35
INV002674,75.8,True,Karnataka,B30,26-35
INV002675,63.9,True,Uttar Pradesh,B30,36-45
INV002681,83.7,True,Maharashtra,B30,18-25
INV002684,80.6,True,Delhi,T30,36-45
INV002688,37.0,True,Uttar Pradesh,T30,26-35
INV002689,50.0,True,Madhya Pradesh,B30,26-35
INV002693,45.8,True,Uttar Pradesh,B30,26-35
INV002697,55.3,True,West Bengal,T30,26-35
INV002700,79.8,True,Tamil Nadu,B30,26-35
INV002704,59.1,True,Delhi,T30,36-45
INV002705,22.6,False,Uttar Pradesh,T30,46-55
INV002706,73.6,True,Haryana,B30,46-55
INV002711,65.6,True,Haryana,T30,26-35
INV002712,46.8,True,Karnataka,T30,46-55
INV002722,61.4,True,Delhi,T30,36-45
INV002723,37.8,True,West Bengal,T30,36-45
INV002724,76.6,True,Rajasthan,B30,36-45
INV002726,45.6,True,Gujarat,T30,36-45
INV002732,70.7,True,Uttar Pradesh,T30,18-25
INV002733,51.6,True,Punjab,T30,26-35
INV002735,68.2,True,Tamil Nadu,B30,18-25
INV002736,70.6,True,Karnataka,B30,18-25
INV002737,58.4,True,Gujarat,T30,18-25
INV002743,88.2,True,Haryana,T30,56+
INV002744,52.9,True,Karnataka,T30,36-45
INV002746,68.0,True,Delhi,T30,26-35
INV002750,72.4,True,Madhya Pradesh,B30,36-45
INV002751,41.5,True,Delhi,T30,36-45
INV002758,81.0,True,Delhi,T30,26-35
INV002761,80.6,True,Rajasthan,T30,26-35
INV002766,70.6,True,Punjab,T30,26-35
INV002767,55.3,True,Madhya Pradesh,T30,26-35
INV002769,82.0,True,Maharashtra,T30,18-25
INV002772,74.5,True,Haryana,B30,26-35
INV002779,64.2,True,Uttar Pradesh,T30,26-35
INV002783,64.0,True,West Bengal,T30,26-35
INV002786,76.3,True,Tamil Nadu,B30,26-35
INV002793,59.3,True,Madhya Pradesh,B30,36-45
INV002794,56.2,True,Madhya Pradesh,B30,56+
INV002799,70.8,True,Uttar Pradesh,T30,36-45
INV002800,63.5,True,West Bengal,T30,36-45
INV002803,64.8,True,Uttar Pradesh,B30,36-45
INV002804,59.9,True,Madhya Pradesh,T30,36-45
INV002808,59.7,True,Uttar Pradesh,B30,26-35
INV002809,81.4,True,Uttar Pradesh,B30,36-45
INV002810,32.3,False,Punjab,B30,36-45
INV002813,49.0,True,Punjab,T30,26-35
INV002822,53.0,True,Karnataka,T30,46-55
INV002824,71.8,True,Rajasthan,T30,56+
INV002826,61.6,True,Haryana,T30,26-35
INV002827,73.6,True,Karnataka,B30,36-45
INV002828,80.0,True,West Bengal,T30,26-35
INV002831,40.2,True,Telangana,T30,56+
INV002835,82.3,True,Haryana,B30,26-35
INV002838,56.7,True,West Bengal,T30,56+
INV002841,43.4,True,Uttar Pradesh,B30,26-35
INV002843,43.1,True,Haryana,B30,26-35
INV002847,52.7,True,Haryana,B30,26-35
INV002850,53.2,True,Uttar Pradesh,T30,46-55
INV002852,75.8,True,West Bengal,T30,46-55
INV002859,76.5,True,Madhya Pradesh,T30,26-35
INV002863,74.4,True,Rajasthan,B30,36-45
INV002865,37.2,True,Maharashtra,T30,18-25
INV002870,48.2,True,Karnataka,B30,26-35
INV002872,85.6,True,West Bengal,T30,36-45
INV002873,98.2,True,Haryana,T30,18-25
INV002879,72.2,True,Tamil Nadu,B30,46-55
INV002881,43.6,True,Uttar Pradesh,B30,26-35
INV002883,96.0,True,West Bengal,T30,26-35
INV002886,44.3,True,Tamil Nadu,T30,18-25
INV002891,72.7,True,Haryana,B30,36-45
INV002893,50.0,True,Telangana,T30,56+
INV002900,64.2,True,Haryana,B30,26-35
INV002903,89.6,True,Madhya Pradesh,T30,36-45
INV002904,49.3,True,West Bengal,T30,36-45
INV002905,73.0,True,Tamil Nadu,T30,36-45
INV002906,41.2,True,Telangana,T30,26-35
INV002909,82.3,True,Rajasthan,B30,36-45
INV002912,97.0,True,Maharashtra,T30,26-35
INV002913,73.7,True,Delhi,T30,56+
INV002915,49.3,True,West Bengal,T30,18-25
INV002921,53.3,True,Punjab,B30,18-25
INV002927,40.3,True,Punjab,B30,56+
INV002935,48.0,True,Madhya Pradesh,T30,18-25
INV002937,67.2,True,Rajasthan,T30,56+
INV002939,60.5,True,Rajasthan,B30,18-25
INV002942,55.5,True,Delhi,T30,36-45
INV002945,65.0,True,Maharashtra,B30,26-35
INV002947,64.2,True,Maharashtra,B30,46-55
INV002950,45.9,True,Madhya Pradesh,T30,46-55
INV002951,51.8,True,Karnataka,T30,36-45
INV002961,84.7,True,Gujarat,T30,26-35
INV002974,51.3,True,Telangana,T30,26-35
INV002984,91.0,True,Delhi,T30,26-35
INV002989,86.6,True,Haryana,B30,46-55
INV002994,58.2,True,Karnataka,B30,18-25
INV003000,67.0,True,Delhi,T30,36-45
INV003003,58.2,True,West Bengal,T30,18-25
INV003005,53.1,True,Punjab,B30,26-35
INV003007,48.2,True,Haryana,B30,26-35
INV003009,38.1,True,Karnataka,T30,26-35
INV003011,64.2,True,Gujarat,T30,18-25
INV003014,82.4,True,Karnataka,T30,26-35
INV003015,54.7,True,Madhya Pradesh,T30,18-25
INV003018,49.2,True,Delhi,T30,36-45
INV003022,69.6,True,Telangana,T30,46-55
INV003024,44.2,True,Maharashtra,T30,36-45
INV003025,35.3,True,Gujarat,T30,26-35
INV003028,91.4,True,Tamil Nadu,T30,26-35
INV003034,73.4,True,Tamil Nadu,T30,26-35
INV003036,57.7,True,Telangana,T30,26-35
INV003037,79.5,True,Telangana,T30,18-25
INV003040,74.0,True,Karnataka,T30,26-35
INV003043,73.8,True,Karnataka,T30,26-35
INV003044,71.2,True,West Bengal,T30,18-25
INV003045,36.2,True,Telangana,T30,26-35
INV003047,70.1,True,Maharashtra,T30,46-55
INV003054,78.7,True,Telangana,T30,56+
INV003060,79.0,True,Rajasthan,T30,56+
INV003063,57.8,True,Maharashtra,T30,36-45
INV003070,54.5,True,West Bengal,T30,26-35
INV003074,74.8,True,Haryana,B30,26-35
INV003075,57.4,True,Delhi,T30,46-55
INV003078,69.2,True,Haryana,T30,36-45
INV003082,46.4,True,Telangana,T30,26-35
INV003083,66.4,True,Madhya Pradesh,B30,56+
INV003089,65.0,True,Uttar Pradesh,B30,26-35
INV003091,50.9,True,Delhi,T30,36-45
INV003095,86.6,True,Madhya Pradesh,B30,18-25
INV003097,62.7,True,Punjab,T30,26-35
INV003105,65.5,True,Rajasthan,T30,18-25
INV003112,91.6,True,Maharashtra,T30,26-35
INV003113,66.9,True,Rajasthan,T30,26-35
INV003115,48.0,True,Gujarat,T30,26-35
INV003117,66.6,True,Tamil Nadu,T30,18-25
INV003134,76.8,True,Telangana,T30,36-45
INV003139,55.2,True,Karnataka,B30,36-45
INV003140,57.0,True,West Bengal,T30,26-35
INV003141,67.5,True,Maharashtra,T30,36-45
INV003144,82.5,True,Haryana,T30,36-45
INV003146,59.5,True,Rajasthan,B30,26-35
INV003151,81.0,True,Tamil Nadu,B30,56+
INV003153,40.7,True,Madhya Pradesh,T30,36-45
INV003158,55.6,True,Karnataka,B30,26-35
INV003161,77.4,True,Uttar Pradesh,B30,36-45
INV003169,62.6,True,Telangana,T30,26-35
INV003178,56.4,True,Telangana,T30,46-55
INV003179,56.2,True,Rajasthan,T30,36-45
INV003185,65.2,True,Rajasthan,B30,26-35
INV003187,58.2,True,Haryana,B30,26-35
INV003189,55.1,True,Tamil Nadu,T30,36-45
INV003191,76.8,True,Madhya Pradesh,B30,18-25
INV003193,96.6,True,Rajasthan,T30,36-45
INV003196,80.3,True,West Bengal,T30,26-35
INV003205,67.7,True,Punjab,T30,26-35
INV003210,72.2,True,Haryana,B30,36-45
INV003211,69.0,True,Uttar Pradesh,T30,36-45
INV003214,59.8,True,Punjab,T30,36-45
INV003215,60.8,True,Gujarat,T30,26-35
INV003219,57.2,True,Maharashtra,T30,46-55
INV003221,61.2,True,Karnataka,B30,26-35
INV003222,81.5,True,Punjab,B30,56+
INV003223,67.7,True,Tamil Nadu,B30,26-35
INV003228,70.2,True,Madhya Pradesh,B30,26-35
INV003230,67.5,True,Punjab,B30,18-25
INV003231,83.0,True,Haryana,T30,26-35
INV003234,96.6,True,Telangana,T30,26-35
INV003236,51.1,True,Madhya Pradesh,B30,18-25
INV003242,61.0,True,Punjab,T30,26-35
INV003247,84.6,True,Madhya Pradesh,T30,46-55
INV003252,67.6,True,Tamil Nadu,T30,46-55
INV003256,51.0,True,Punjab,B30,46-55
INV003257,61.8,True,Rajasthan,T30,56+
INV003260,89.4,True,Madhya Pradesh,T30,18-25
INV003262,85.2,True,Telangana,T30,46-55
INV003267,74.4,True,Rajasthan,B30,36-45
INV003271,61.2,True,West Bengal,T30,18-25
INV003273,60.1,True,Haryana,B30,36-45
INV003277,53.7,True,Rajasthan,T30,18-25
INV003279,63.4,True,Rajasthan,T30,46-55
INV003289,64.8,True,Uttar Pradesh,T30,26-35
INV003300,64.8,True,Uttar Pradesh,B30,36-45
INV003301,59.4,True,Rajasthan,B30,26-35
INV003304,44.2,True,Telangana,T30,18-25
INV003308,56.8,True,Telangana,T30,56+
INV003310,80.8,True,Telangana,T30,26-35
INV003311,48.0,True,Madhya Pradesh,B30,26-35
INV003314,73.5,True,Telangana,T30,36-45
INV003317,44.1,True,Delhi,T30,18-25
INV003320,45.3,True,Tamil Nadu,B30,56+
INV003325,101.0,True,Haryana,B30,26-35
INV003329,89.0,True,Madhya Pradesh,T30,56+
INV003336,72.3,True,Punjab,B30,46-55
INV003338,37.5,True,Haryana,B30,46-55
INV003344,86.6,True,Haryana,T30,36-45
INV003350,92.4,True,Maharashtra,B30,46-55
INV003351,54.0,True,Delhi,T30,26-35
INV003352,68.1,True,Maharashtra,T30,36-45
INV003357,62.4,True,Madhya Pradesh,B30,26-35
INV003360,59.4,True,Madhya Pradesh,T30,26-35
INV003370,63.3,True,Karnataka,B30,56+
INV003372,59.4,True,Karnataka,B30,36-45
INV003374,56.5,True,Karnataka,B30,26-35
INV003375,52.7,True,Telangana,T30,56+
INV003376,85.8,True,Delhi,T30,36-45
INV003379,75.2,True,Uttar Pradesh,T30,36-45
INV003380,72.4,True,Delhi,T30,36-45
INV003382,34.2,False,Karnataka,T30,26-35
INV003391,56.6,True,West Bengal,T30,26-35
INV003393,63.7,True,Delhi,T30,26-35
INV003395,79.0,True,Gujarat,T30,36-45
INV003398,55.4,True,Karnataka,T30,36-45
INV003403,56.6,True,Madhya Pradesh,B30,18-25
INV003404,50.3,True,Tamil Nadu,T30,36-45
INV003405,41.0,True,Rajasthan,T30,26-35
INV003406,59.0,True,Madhya Pradesh,B30,26-35
INV003407,57.4,True,West Bengal,T30,26-35
INV003422,84.7,True,Uttar Pradesh,T30,26-35
INV003424,73.2,True,Madhya Pradesh,T30,26-35
INV003427,84.2,True,West Bengal,T30,18-25
INV003430,73.4,True,Gujarat,T30,26-35
INV003431,51.4,True,Karnataka,B30,18-25
INV003432,61.3,True,Uttar Pradesh,B30,56+
INV003435,73.8,True,Maharashtra,B30,26-35
INV003437,91.2,True,Punjab,B30,46-55
INV003448,74.5,True,Rajasthan,B30,26-35
INV003450,47.7,True,Maharashtra,B30,18-25
INV003455,35.5,True,Tamil Nadu,B30,46-55
INV003457,60.5,True,Karnataka,T30,36-45
INV003458,67.9,True,Gujarat,T30,36-45
INV003459,59.4,True,Karnataka,B30,26-35
INV003473,95.8,True,Telangana,T30,26-35
INV003475,56.0,True,Telangana,T30,26-35
INV003478,56.6,True,Punjab,T30,26-35
INV003479,65.7,True,West Bengal,T30,36-45
INV003480,82.4,True,Madhya Pradesh,B30,26-35
INV003484,73.8,True,Madhya Pradesh,B30,26-35
INV003487,70.6,True,Gujarat,T30,26-35
INV003491,59.1,True,Delhi,T30,46-55
INV003492,90.8,True,Gujarat,T30,36-45
INV003495,49.2,True,West Bengal,T30,26-35
INV003506,67.0,True,Tamil Nadu,T30,56+
INV003509,60.9,True,Haryana,T30,36-45
INV003511,65.6,True,Haryana,T30,46-55
INV003514,74.2,True,Delhi,T30,36-45
INV003518,67.8,True,Madhya Pradesh,B30,26-35
INV003521,89.0,True,Rajasthan,T30,46-55
INV003524,64.2,True,Telangana,T30,36-45
INV003526,88.2,True,Maharashtra,B30,36-45
INV003528,58.6,True,Madhya Pradesh,B30,18-25
INV003530,51.0,True,Maharashtra,T30,26-35
INV003531,76.4,True,Delhi,T30,36-45
INV003534,52.7,True,Madhya Pradesh,T30,46-55
INV003545,90.0,True,Gujarat,T30,26-35
INV003556,77.6,True,Karnataka,B30,18-25
INV003557,66.4,True,Karnataka,T30,46-55
INV003558,39.2,True,Uttar Pradesh,T30,18-25
INV003559,48.3,True,Uttar Pradesh,B30,26-35
INV003562,80.5,True,West Bengal,T30,26-35
INV003564,71.0,True,Telangana,T30,18-25
INV003580,72.2,True,Gujarat,T30,26-35
INV003581,51.3,True,Tamil Nadu,B30,56+
INV003582,49.3,True,Uttar Pradesh,B30,36-45
INV003586,54.3,True,Haryana,B30,46-55
INV003592,75.6,True,Madhya Pradesh,T30,56+
INV003593,78.2,True,Karnataka,T30,26-35
INV003598,68.0,True,Delhi,T30,26-35
INV003599,50.0,True,Madhya Pradesh,T30,46-55
INV003601,45.2,True,Haryana,B30,26-35
INV003604,90.2,True,Punjab,T30,18-25
INV003607,70.4,True,Delhi,T30,18-25
INV003611,68.8,True,Uttar Pradesh,B30,18-25
INV003613,67.4,True,Punjab,B30,26-35
INV003619,72.0,True,West Bengal,T30,18-25
INV003625,62.4,True,Telangana,T30,26-35
INV003627,59.2,True,Telangana,T30,36-45
INV003630,52.0,True,Karnataka,T30,18-25
INV003633,78.8,True,Madhya Pradesh,B30,26-35
INV003634,47.8,True,Punjab,T30,46-55
INV003635,47.1,True,West Bengal,T30,56+
INV003641,67.0,True,Telangana,T30,26-35
INV003642,53.2,True,Haryana,B30,18-25
INV003645,95.2,True,Punjab,B30,26-35
INV003649,96.8,True,Haryana,T30,46-55
INV003650,33.9,False,Telangana,T30,46-55
INV003654,60.5,True,Delhi,T30,18-25
INV003655,49.8,True,Madhya Pradesh,B30,36-45
INV003658,70.7,True,West Bengal,T30,26-35
INV003660,79.0,True,Delhi,T30,26-35
INV003669,53.5,True,West Bengal,T30,18-25
INV003670,70.9,True,Punjab,T30,36-45
INV003672,77.2,True,Uttar Pradesh,B30,36-45
INV003673,68.9,True,Maharashtra,T30,26-35
INV003678,32.8,False,Gujarat,T30,26-35
INV003681,51.0,True,Telangana,T30,26-35
INV003683,92.4,True,Telangana,T30,26-35
INV003684,98.2,True,Karnataka,T30,36-45
INV003685,80.2,True,Gujarat,T30,26-35
INV003686,96.6,True,Gujarat,T30,18-25
INV003693,71.3,True,Madhya Pradesh,B30,36-45
INV003695,51.7,True,Karnataka,T30,36-45
INV003696,75.8,True,Tamil Nadu,B30,18-25
INV003697,76.7,True,Maharashtra,T30,18-25
INV003702,72.7,True,Madhya Pradesh,B30,36-45
INV003705,78.8,True,Telangana,T30,26-35
INV003707,68.6,True,Telangana,T30,36-45
INV003708,60.5,True,Punjab,B30,46-55
INV003709,80.2,True,Uttar Pradesh,B30,46-55
INV003710,78.6,True,Rajasthan,B30,26-35
INV003711,72.2,True,Telangana,T30,36-45
INV003712,79.6,True,Maharashtra,T30,46-55
INV003713,81.5,True,West Bengal,T30,36-45
INV003718,91.4,True,Telangana,T30,46-55
INV003720,74.6,True,Madhya Pradesh,B30,36-45
INV003722,50.7,True,Maharashtra,B30,36-45
INV003723,61.8,True,Tamil Nadu,T30,26-35
INV003724,68.0,True,Punjab,B30,56+
INV003733,88.8,True,Telangana,T30,26-35
INV003734,59.0,True,Tamil Nadu,B30,56+
INV003735,45.9,True,Gujarat,T30,36-45
INV003736,77.2,True,Karnataka,B30,18-25
INV003738,50.6,True,Delhi,T30,26-35
INV003740,51.8,True,Karnataka,T30,56+
INV003741,67.7,True,Madhya Pradesh,B30,36-45
INV003744,86.8,True,Karnataka,B30,18-25
INV003745,70.2,True,West Bengal,T30,36-45
INV003748,56.1,True,Madhya Pradesh,T30,46-55
INV003757,81.8,True,Uttar Pradesh,B30,18-25
INV003761,51.9,True,Karnataka,B30,46-55
INV003766,65.3,True,West Bengal,T30,36-45
INV003767,47.5,True,Madhya Pradesh,B30,36-45
INV003771,50.8,True,Telangana,T30,46-55
INV003772,34.5,False,Punjab,B30,18-25
INV003775,74.0,True,Maharashtra,T30,56+
INV003779,76.4,True,Delhi,T30,26-35
INV003780,57.4,True,Haryana,B30,26-35
INV003781,64.8,True,Tamil Nadu,B30,26-35
INV003785,74.2,True,Karnataka,T30,36-45
INV003787,63.2,True,Karnataka,B30,46-55
INV003793,72.3,True,Delhi,T30,46-55
INV003795,67.7,True,West Bengal,T30,18-25
INV003811,78.7,True,Gujarat,T30,46-55
INV003812,50.8,True,Haryana,B30,18-25
INV003813,82.2,True,Rajasthan,B30,36-45
INV003815,72.5,True,Gujarat,T30,36-45
INV003824,71.5,True,Telangana,T30,26-35
INV003825,81.2,True,Telangana,T30,56+
INV003828,30.7,False,Karnataka,T30,18-25
INV003829,48.6,True,Punjab,B30,36-45
INV003830,71.4,True,Punjab,B30,26-35
INV003844,68.5,True,Maharashtra,B30,26-35
INV003847,50.0,True,Telangana,T30,26-35
INV003849,77.2,True,Karnataka,B30,26-35
INV003851,57.8,True,Karnataka,T30,46-55
INV003860,46.0,True,Punjab,T30,26-35
INV003862,60.2,True,Madhya Pradesh,T30,26-35
INV003865,85.2,True,Gujarat,T30,18-25
INV003868,87.6,True,Gujarat,T30,36-45
INV003872,45.4,True,Uttar Pradesh,B30,26-35
INV003876,77.6,True,Rajasthan,B30,18-25
INV003880,68.6,True,Gujarat,T30,26-35
INV003885,71.6,True,West Bengal,T30,36-45
INV003892,55.2,True,Punjab,B30,46-55
INV003896,82.0,True,Haryana,B30,56+
INV003897,71.6,True,Tamil Nadu,B30,26-35
INV003903,50.3,True,Karnataka,B30,18-25
INV003905,62.5,True,Maharashtra,T30,26-35
INV003906,55.1,True,Haryana,B30,36-45
INV003912,68.6,True,West Bengal,T30,26-35
INV003913,61.4,True,Telangana,T30,36-45
INV003916,67.2,True,Karnataka,B30,26-35
INV003920,66.9,True,Punjab,T30,26-35
INV003936,89.6,True,Punjab,T30,36-45
INV003938,52.5,True,Delhi,T30,36-45
INV003940,70.7,True,West Bengal,T30,36-45
INV003943,42.5,True,Telangana,T30,46-55
INV003945,56.3,True,Gujarat,T30,46-55
INV003946,69.2,True,Karnataka,B30,26-35
INV003948,43.7,True,Madhya Pradesh,T30,18-25
INV003952,54.7,True,Tamil Nadu,T30,36-45
INV003958,85.6,True,Haryana,B30,18-25
INV003962,68.7,True,Haryana,T30,26-35
INV003964,51.2,True,Punjab,T30,26-35
INV003968,92.4,True,Maharashtra,T30,46-55
INV003972,84.2,True,Uttar Pradesh,B30,26-35
INV003975,50.1,True,Gujarat,T30,36-45
INV003978,68.1,True,Telangana,T30,26-35
INV003979,56.0,True,Madhya Pradesh,T30,36-45
INV003981,67.7,True,Haryana,B30,46-55
INV003985,93.0,True,Tamil Nadu,B30,18-25
INV003996,95.2,True,Karnataka,T30,36-45
INV004001,40.3,True,Delhi,T30,56+
INV004004,40.8,True,Delhi,T30,18-25
INV004005,73.7,True,West Bengal,T30,26-35
INV004007,38.8,True,Delhi,T30,18-25
INV004009,62.3,True,Gujarat,T30,18-25
INV004014,61.9,True,Telangana,T30,56+
INV004015,88.0,True,Maharashtra,T30,18-25
INV004017,40.5,True,West Bengal,T30,36-45
INV004023,52.0,True,Tamil Nadu,T30,46-55
INV004037,74.6,True,Gujarat,T30,26-35
INV004038,71.7,True,Gujarat,T30,26-35
INV004049,48.2,True,Gujarat,T30,36-45
INV004063,56.6,True,Haryana,T30,36-45
INV004066,75.2,True,Gujarat,T30,46-55
INV004069,74.0,True,Delhi,T30,26-35
INV004070,67.7,True,Maharashtra,T30,26-35
INV004079,71.3,True,Karnataka,T30,36-45
INV004085,68.3,True,Maharashtra,T30,36-45
INV004091,73.6,True,Tamil Nadu,T30,26-35
INV004094,55.8,True,Haryana,B30,26-35
INV004098,58.2,True,Delhi,T30,26-35
INV004099,58.8,True,West Bengal,T30,26-35
INV004106,55.8,True,Gujarat,T30,26-35
INV004112,55.2,True,Madhya Pradesh,B30,46-55
INV004116,54.9,True,Gujarat,T30,36-45
INV004118,64.6,True,Punjab,T30,36-45
INV004119,73.2,True,Uttar Pradesh,B30,26-35
INV004123,85.0,True,Haryana,T30,36-45
INV004124,63.8,True,Maharashtra,B30,56+
INV004125,61.6,True,Gujarat,T30,26-35
INV004127,87.6,True,Madhya Pradesh,T30,36-45
INV004128,67.2,True,Haryana,B30,18-25
INV004134,35.4,True,West Bengal,T30,36-45
INV004135,50.1,True,Tamil Nadu,B30,26-35
INV004143,97.0,True,Gujarat,T30,18-25
INV004145,66.2,True,Gujarat,T30,18-25
INV004146,88.2,True,Uttar Pradesh,B30,56+
INV004147,72.2,True,Madhya Pradesh,B30,26-35
INV004149,50.2,True,Rajasthan,B30,56+
INV004151,63.1,True,Karnataka,B30,26-35
INV004153,60.0,True,Uttar Pradesh,B30,46-55
INV004154,46.7,True,Karnataka,B30,18-25
INV004172,63.0,True,Madhya Pradesh,T30,26-35
INV004174,86.6,True,Rajasthan,B30,18-25
INV004175,67.9,True,Tamil Nadu,B30,36-45
INV004177,45.4,True,Tamil Nadu,B30,26-35
INV004179,71.2,True,Maharashtra,T30,26-35
INV004181,93.4,True,Uttar Pradesh,T30,26-35
INV004191,77.2,True,Maharashtra,B30,26-35
INV004196,78.3,True,West Bengal,T30,46-55
INV004199,58.2,True,Tamil Nadu,T30,56+
INV004202,47.6,True,West Bengal,T30,36-45
INV004203,66.6,True,Madhya Pradesh,T30,18-25
INV004208,73.4,True,West Bengal,T30,36-45
INV004212,69.3,True,Uttar Pradesh,B30,36-45
INV004216,82.0,True,Karnataka,T30,26-35
INV004228,72.3,True,Madhya Pradesh,B30,26-35
INV004232,71.4,True,Tamil Nadu,T30,26-35
INV004239,61.1,True,Karnataka,T30,18-25
INV004241,53.7,True,Maharashtra,T30,36-45
INV004243,55.7,True,Punjab,B30,36-45
INV004246,34.2,False,West Bengal,T30,36-45
INV004247,87.2,True,Tamil Nadu,T30,18-25
INV004248,42.7,True,West Bengal,T30,46-55
INV004258,49.7,True,Gujarat,T30,36-45
INV004266,61.8,True,Delhi,T30,36-45
INV004267,53.3,True,Gujarat,T30,46-55
INV004270,69.7,True,Rajasthan,B30,18-25
INV004271,79.8,True,Maharashtra,T30,18-25
INV004279,50.3,True,Gujarat,T30,36-45
INV004281,41.7,True,Rajasthan,T30,26-35
INV004282,52.9,True,Punjab,B30,26-35
INV004285,76.2,True,Punjab,T30,26-35
INV004288,72.8,True,Punjab,B30,18-25
INV004289,45.9,True,Karnataka,T30,26-35
INV004293,81.8,True,Rajasthan,T30,36-45
INV004295,44.8,True,Karnataka,T30,36-45
INV004296,102.2,True,Telangana,T30,26-35
INV004297,41.9,True,Karnataka,T30,36-45
INV004299,64.1,True,Telangana,T30,26-35
INV004306,57.0,True,Telangana,T30,26-35
INV004308,84.7,True,Gujarat,T30,26-35
INV004314,83.0,True,Haryana,T30,26-35
INV004319,60.5,True,Gujarat,T30,18-25
INV004321,42.0,True,West Bengal,T30,26-35
INV004324,77.7,True,Madhya Pradesh,T30,36-45
INV004326,40.1,True,Delhi,T30,26-35
INV004332,64.7,True,Haryana,B30,36-45
INV004335,64.4,True,Gujarat,T30,26-35
INV004338,48.9,True,Maharashtra,T30,46-55
INV004340,67.8,True,Karnataka,B30,26-35
INV004343,63.0,True,Madhya Pradesh,B30,18-25
INV004348,52.2,True,Delhi,T30,26-35
INV004349,72.5,True,Haryana,T30,26-35
INV004356,30.8,False,West Bengal,T30,36-45
INV004357,72.4,True,Delhi,T30,46-55
INV004358,45.9,True,Tamil Nadu,B30,26-35
INV004361,61.6,True,Haryana,B30,26-35
INV004364,80.6,True,West Bengal,T30,36-45
INV004367,81.6,True,Karnataka,B30,26-35
INV004372,59.2,True,Haryana,B30,26-35
INV004391,57.0,True,Maharashtra,T30,26-35
INV004392,90.4,True,West Bengal,T30,18-25
INV004400,46.6,True,Uttar Pradesh,B30,26-35
INV004401,69.9,True,Rajasthan,B30,26-35
INV004403,73.6,True,West Bengal,T30,26-35
INV004410,40.9,True,Tamil Nadu,T30,36-45
INV004411,61.0,True,Maharashtra,T30,26-35
INV004412,82.3,True,Punjab,B30,26-35
INV004413,69.0,True,Maharashtra,T30,26-35
INV004414,53.9,True,Uttar Pradesh,T30,26-35
INV004421,90.8,True,Punjab,B30,26-35
INV004427,50.8,True,Punjab,B30,36-45
INV004434,84.6,True,Gujarat,T30,46-55
INV004446,65.8,True,West Bengal,T30,26-35
INV004447,49.8,True,West Bengal,T30,36-45
INV004450,61.6,True,Tamil Nadu,B30,36-45
INV004451,84.0,True,Madhya Pradesh,B30,56+
INV004452,81.0,True,Rajasthan,B30,26-35
INV004454,98.4,True,West Bengal,T30,36-45
INV004455,50.0,True,Telangana,T30,18-25
INV004457,81.4,True,Telangana,T30,18-25
INV004459,53.8,True,Maharashtra,T30,26-35
INV004460,42.5,True,Haryana,T30,26-35
INV004463,94.8,True,Karnataka,T30,26-35
INV004464,62.5,True,Haryana,B30,26-35
INV004468,76.8,True,Telangana,T30,46-55
INV004472,50.7,True,West Bengal,T30,26-35
INV004473,73.3,True,Karnataka,B30,18-25
INV004475,67.8,True,Punjab,B30,26-35
INV004477,58.7,True,Delhi,T30,46-55
INV004484,61.6,True,Punjab,B30,46-55
INV004502,74.5,True,Rajasthan,B30,36-45
INV004504,55.1,True,Telangana,T30,46-55
INV004511,37.2,True,Gujarat,T30,46-55
INV004517,86.6,True,West Bengal,T30,46-55
INV004521,54.5,True,Gujarat,T30,18-25
INV004523,87.2,True,Haryana,T30,26-35
INV004528,54.0,True,Madhya Pradesh,T30,46-55
INV004531,60.0,True,Haryana,T30,26-35
INV004533,55.0,True,Gujarat,T30,36-45
INV004542,34.0,False,Maharashtra,T30,36-45
INV004547,67.5,True,Madhya Pradesh,B30,36-45
INV004555,53.1,True,Uttar Pradesh,T30,36-45
INV004560,48.4,True,Tamil Nadu,B30,36-45
INV004562,83.8,True,Telangana,T30,26-35
INV004563,64.8,True,Gujarat,T30,46-55
INV004574,54.6,True,Maharashtra,T30,36-45
INV004576,63.0,True,Rajasthan,T30,46-55
INV004579,43.9,True,Rajasthan,T30,26-35
INV004581,72.1,True,Gujarat,T30,26-35
INV004589,71.4,True,Gujarat,T30,36-45
INV004594,59.1,True,Haryana,T30,26-35
INV004598,84.2,True,Tamil Nadu,T30,46-55
INV004602,59.6,True,Delhi,T30,26-35
INV004607,56.0,True,Telangana,T30,26-35
INV004608,55.0,True,Karnataka,T30,26-35
INV004611,51.2,True,Madhya Pradesh,B30,18-25
INV004614,79.6,True,Delhi,T30,18-25
INV004617,39.2,True,Karnataka,T30,26-35
INV004621,54.2,True,Punjab,B30,36-45
INV004625,96.4,True,Tamil Nadu,B30,18-25
INV004629,64.6,True,Karnataka,T30,18-25
INV004630,50.6,True,Madhya Pradesh,B30,26-35
INV004631,64.7,True,Tamil Nadu,T30,36-45
INV004633,78.2,True,Telangana,T30,18-25
INV004635,58.7,True,Punjab,T30,18-25
INV004636,75.6,True,Uttar Pradesh,B30,18-25
INV004638,54.3,True,Delhi,T30,26-35
INV004640,68.3,True,Telangana,T30,36-45
INV004641,67.8,True,Haryana,B30,56+
INV004642,54.8,True,Uttar Pradesh,B30,46-55
INV004643,50.6,True,Delhi,T30,26-35
INV004646,64.5,True,Madhya Pradesh,T30,18-25
INV004647,70.7,True,Madhya Pradesh,T30,36-45
INV004650,80.8,True,Punjab,T30,56+
INV004661,69.7,True,Maharashtra,B30,26-35
INV004665,83.4,True,Madhya Pradesh,B30,36-45
INV004672,72.0,True,Rajasthan,T30,26-35
INV004680,47.2,True,Punjab,T30,36-45
INV004682,42.2,True,Telangana,T30,26-35
INV004688,77.6,True,West Bengal,T30,26-35
INV004692,83.6,True,Madhya Pradesh,B30,26-35
INV004701,20.0,False,Haryana,T30,26-35
INV004704,93.8,True,Delhi,T30,26-35
INV004712,48.6,True,Uttar Pradesh,B30,36-45
INV004715,56.8,True,Tamil Nadu,T30,46-55
INV004716,74.0,True,Telangana,T30,18-25
INV004737,54.6,True,Madhya Pradesh,T30,46-55
INV004738,93.2,True,Uttar Pradesh,B30,56+
INV004741,72.3,True,Telangana,T30,26-35
INV004753,61.4,True,Karnataka,B30,36-45
INV004755,61.2,True,Uttar Pradesh,B30,18-25
INV004761,71.4,True,Madhya Pradesh,T30,26-35
INV004763,83.5,True,Karnataka,T30,46-55
INV004764,83.0,True,Punjab,B30,46-55
INV004770,72.9,True,Gujarat,T30,18-25
INV004776,57.4,True,Punjab,T30,36-45
INV004780,69.5,True,Haryana,T30,36-45
INV004785,66.2,True,Punjab,B30,26-35
INV004787,72.3,True,Haryana,B30,26-35
INV004798,53.7,True,Madhya Pradesh,B30,26-35
INV004804,79.2,True,Maharashtra,T30,36-45
INV004805,44.7,True,Madhya Pradesh,T30,26-35
INV004807,36.9,True,Maharashtra,T30,36-45
INV004813,62.0,True,West Bengal,T30,26-35
INV004819,62.0,True,Telangana,T30,26-35
INV004825,70.0,True,Delhi,T30,56+
INV004833,65.4,True,Madhya Pradesh,B30,26-35
INV004834,38.6,True,Delhi,T30,26-35
INV004840,41.0,True,Maharashtra,T30,18-25
INV004843,50.9,True,Haryana,B30,56+
INV004844,66.7,True,Maharashtra,T30,26-35
INV004845,81.8,True,West Bengal,T30,18-25
INV004847,73.5,True,Maharashtra,T30,26-35
INV004848,54.1,True,Haryana,T30,26-35
INV004860,78.4,True,Punjab,B30,46-55
INV004863,68.0,True,Maharashtra,T30,26-35
INV004864,43.3,True,Punjab,B30,26-35
INV004865,76.3,True,Maharashtra,B30,56+
INV004868,56.0,True,Karnataka,T30,36-45
INV004871,69.1,True,Punjab,T30,26-35
INV004877,80.5,True,Karnataka,B30,26-35
INV004889,70.7,True,Rajasthan,T30,46-55
INV004891,55.9,True,Telangana,T30,46-55
INV004896,79.4,True,Uttar Pradesh,B30,18-25
INV004901,54.6,True,Haryana,T30,26-35
INV004911,63.7,True,West Bengal,T30,26-35
INV004913,87.0,True,Rajasthan,B30,26-35
INV004916,75.5,True,Haryana,B30,26-35
INV004917,51.0,True,Uttar Pradesh,B30,26-35
INV004924,59.8,True,Telangana,T30,36-45
INV004925,70.8,True,Maharashtra,T30,18-25
INV004926,66.3,True,Karnataka,B30,36-45
INV004927,34.2,False,Maharashtra,B30,26-35
INV004947,45.0,True,Telangana,T30,26-35
INV004953,67.2,True,Haryana,B30,36-45
INV004956,59.1,True,Maharashtra,T30,46-55
INV004958,73.2,True,Maharashtra,T30,36-45
INV004959,68.6,True,Delhi,T30,18-25
INV004967,63.2,True,Telangana,T30,26-35
INV004973,55.0,True,Tamil Nadu,B30,26-35
INV004974,52.4,True,Gujarat,T30,56+
INV004978,63.8,True,Uttar Pradesh,T30,46-55
INV004981,49.1,True,Haryana,B30,18-25
INV004983,57.7,True,Madhya Pradesh,B30,26-35
INV004984,75.3,True,Uttar Pradesh,B30,46-55
INV004986,81.3,True,Madhya Pradesh,B30,26-35
INV004992,81.5,True,Rajasthan,B30,26-35
INV004996,46.3,True,Delhi,T30,46-55
INV004997,71.0,True,Tamil Nadu,B30,36-45
